133143986176,MODIFIER,<empty>,,,VIRTUAL,0
133143986177,MODIFIER,<empty>,,,MODULE,1
133143986178,MODIFIER,<empty>,,,VIRTUAL,0
133143986179,MODIFIER,<empty>,,,VIRTUAL,0
133143986180,MODIFIER,<empty>,,,VIRTUAL,0
133143986181,MODIFIER,<empty>,,,VIRTUAL,0
133143986182,MODIFIER,<empty>,,,VIRTUAL,0
133143986183,MODIFIER,<empty>,,,VIRTUAL,0
133143986184,MODIFIER,<empty>,,,VIRTUAL,0
133143986185,MODIFIER,<empty>,,,VIRTUAL,0
133143986186,MODIFIER,<empty>,,,VIRTUAL,0
133143986187,MODIFIER,<empty>,,,VIRTUAL,0
133143986188,MODIFIER,<empty>,,,VIRTUAL,0
133143986189,MODIFIER,<empty>,,,VIRTUAL,0
133143986190,MODIFIER,<empty>,,,VIRTUAL,0
133143986191,MODIFIER,<empty>,,,VIRTUAL,0
